"999,""999"",""999"",""999"",""firstFullscreen"",""999"",""999"",""999"",""999"",""999"",""999"",""999"",""999"",""999"",""fullscreen"",""0"",""4234"",""0.0-0.0"",""2365186""";
"999,""999"",""999"",""999"",""fullscreenExp"",""999"",""999"",""999"",""999"",""999"",""999"",""999"",""999"",""999"",""fullscreen"",""1"",""4277"",""0.0-1.0"",""2365186""";
"999,""instructions/instructionsDiapo/Slide1.jpg"",""999"",""999"",""instr"",""999"",""999"",""999"",""999"",""999"",""999"",""999"",""999"",""999"",""image-keyboard-response"",""2"",""6553"",""0.0-2.0"",""2365186""";
"999,""999"",""999"",""999"",""fullscreenExp"",""999"",""999"",""999"",""999"",""999"",""999"",""999"",""999"",""999"",""fullscreen"",""3"",""6593"",""0.0-3.0"",""2365186""";
"999,""instructions/instructionsDiapo/Slide2.jpg"",""999"",""999"",""instr"",""999"",""999"",""999"",""999"",""999"",""999"",""999"",""999"",""999"",""image-keyboard-response"",""4"",""7539"",""0.0-4.0"",""2365186""";
"999,""999"",""999"",""999"",""fullscreenExp"",""999"",""999"",""999"",""999"",""999"",""999"",""999"",""999"",""999"",""fullscreen"",""5"",""7579"",""0.0-5.0"",""2365186""";
"999,""instructions/instructionsDiapo/Slide8.jpg"",""999"",""999"",""instr"",""999"",""999"",""999"",""999"",""999"",""999"",""999"",""999"",""999"",""image-keyboard-response"",""6"",""8364"",""0.0-6.0"",""2365186""";
"999,""999"",""999"",""999"",""fullscreenExp"",""999"",""999"",""999"",""999"",""999"",""999"",""999"",""999"",""999"",""fullscreen"",""7"",""8406"",""0.0-7.0"",""2365186""";
"999,""instructions/instructionsDiapo/Slide9.jpg"",""999"",""999"",""instr"",""999"",""999"",""999"",""999"",""999"",""999"",""999"",""999"",""999"",""image-keyboard-response"",""8"",""8973"",""0.0-8.0"",""2365186""";
"999,""999"",""999"",""999"",""fullscreenExp"",""999"",""999"",""999"",""999"",""999"",""999"",""999"",""999"",""999"",""fullscreen"",""9"",""9024"",""0.0-9.0"",""2365186""";
"999,""instructions/instructionsDiapo/Slide3.jpg"",""999"",""999"",""instr"",""999"",""999"",""999"",""999"",""999"",""999"",""999"",""999"",""999"",""image-keyboard-response"",""10"",""9619"",""0.0-10.0"",""2365186""";
"999,""999"",""999"",""999"",""fullscreenExp"",""999"",""999"",""999"",""999"",""999"",""999"",""999"",""999"",""999"",""fullscreen"",""11"",""9658"",""0.0-11.0"",""2365186""";
"999,""instructions/instructionsDiapo/Slide10.jpg"",""999"",""999"",""instr"",""999"",""999"",""999"",""999"",""999"",""999"",""999"",""999"",""999"",""image-keyboard-response"",""12"",""11143"",""0.0-12.0"",""2365186""";
"999,""fixation_cross"",""999"",""999"",""fixation"",""0"",""0"",""2"",""5"",""2"",""8"",""3"",""10"",""0"",""html-keyboard-response"",""13"",""11648"",""0.0-13.0"",""2365186""";
"999,""imgJS/WMN_scramble_36.jpg,imgJS/WMN_scramble_67.jpg,imgJS/WMN_scramble_43.jpg,imgJS/WMN_scramble_25.jpg,imgJS/WMN_scramble_39.jpg,imgJS/WMN_scramble_58.jpg,imgJS/WMN_scramble_7.jpg,imgJS/WMN_scramble_88.jpg,imgJS/WMN_31.jpg,imgJS/WMN_scramble_66.jpg,"",""999"",""999"",""rsvp_img_15"",""0"",""0"",""2"",""5"",""2"",""8"",""3"",""10"",""0"",""rsvp_flux"",""14"",""12703"",""0.0-14.0"",""2365186""";
"1141.9549999991,""<div style=""""font-size:24px";"><p> Avez-vous vu au moins une femme? </p><p> <strong> Oui [O] / Non [N] </strong></p> </div>"",""999"",""79"",""rsvpAnswFem"",""0"",""0"",""2"",""5"",""2"",""8"",""3"",""10"",""0"",""html-keyboard-response"",""15"",""13848"",""0.0-15.0"",""2365186"""
"999,""999"",""999"",""999"",""fullscreenExp"",""999"",""999"",""999"",""999"",""999"",""999"",""999"",""999"",""999"",""fullscreen"",""16"",""14887"",""0.0-16.0"",""2365186""";
"999,""fixation_cross"",""999"",""999"",""fixation"",""0"",""1"",""2"",""6"",""2"",""4"",""2"",""6"",""1"",""html-keyboard-response"",""17"",""15390"",""0.0-17.0"",""2365186""";
"999,""imgJS/WFN_scramble_32.jpg,imgJS/WFN_scramble_20.jpg,imgJS/WFN_scramble_17.jpg,imgJS/WFN_scramble_35.jpg,imgJS/WFN_35.jpg,imgJS/WFN_scramble_39.jpg,imgJS/WMF_25.jpg,imgJS/WFN_scramble_1.jpg,imgJS/WFN_scramble_74.jpg,imgJS/WFN_scramble_29.jpg,imgJS/WFN"",""999"",""999"",""rsvp_img_15"",""0"",""1"",""2"",""6"",""2"",""4"",""2"",""6"",""1"",""rsvp_flux"",""18"",""16443"",""0.0-18.0"",""2365186""";
"880.71500003571,""<div style=""""font-size:24px";"><p> Avez-vous vu au moins un homme? </p><p> <strong> Oui [O] / Non [N] </strong></p> </div>"",""999"",""79"",""rsvpAnswHom"",""0"",""1"",""2"",""6"",""2"",""4"",""2"",""6"",""1"",""html-keyboard-response"",""19"",""17326"",""0.0-19.0"",""2365186"""
"999,""999"",""999"",""999"",""fullscreenExp"",""999"",""999"",""999"",""999"",""999"",""999"",""999"",""999"",""999"",""fullscreen"",""20"",""18373"",""0.0-20.0"",""2365186""";
"999,""fixation_cross"",""999"",""999"",""fixation"",""0"",""2"",""2"",""5"",""2"",""8"",""3"",""12"",""0"",""html-keyboard-response"",""21"",""18879"",""0.0-21.0"",""2365186""";
"999,""imgJS/WMN_scramble_8.jpg,imgJS/WMN_scramble_31.jpg,imgJS/WMN_scramble_81.jpg,imgJS/WMN_scramble_20.jpg,imgJS/WMN_scramble_15.jpg,imgJS/WMN_scramble_47.jpg,imgJS/WMN_scramble_37.jpg,imgJS/WMN_scramble_41.jpg,imgJS/WMN_33.jpg,imgJS/WMN_scramble_26.jpg,"",""999"",""999"",""rsvp_img_15"",""0"",""2"",""2"",""5"",""2"",""8"",""3"",""12"",""0"",""rsvp_flux"",""22"",""19932"",""0.0-22.0"",""2365186""";
"719.42999999737,""<div style=""""font-size:24px";"><p> Avez-vous vu au moins une femme? </p><p> <strong> Oui [O] / Non [N] </strong></p> </div>"",""999"",""79"",""rsvpAnswFem"",""0"",""2"",""2"",""5"",""2"",""8"",""3"",""12"",""0"",""html-keyboard-response"",""23"",""20654"",""0.0-23.0"",""2365186"""
"999,""999"",""999"",""999"",""fullscreenExp"",""999"",""999"",""999"",""999"",""999"",""999"",""999"",""999"",""999"",""fullscreen"",""24"",""21693"",""0.0-24.0"",""2365186""";
"999,""fixation_cross"",""999"",""999"",""fixation"",""0"",""3"",""2"",""6"",""2"",""6"",""2"",""10"",""0"",""html-keyboard-response"",""25"",""22196"",""0.0-25.0"",""2365186""";
"999,""imgJS/WFN_scramble_54.jpg,imgJS/WFN_scramble_4.jpg,imgJS/WFN_scramble_84.jpg,imgJS/WFN_scramble_78.jpg,imgJS/WFN_scramble_24.jpg,imgJS/WFN_scramble_10.jpg,imgJS/WFN_16.jpg,imgJS/WFN_scramble_76.jpg,imgJS/WFN_scramble_42.jpg,imgJS/WFN_scramble_40.jpg,"",""999"",""999"",""rsvp_img_15"",""0"",""3"",""2"",""6"",""2"",""6"",""2"",""10"",""0"",""rsvp_flux"",""26"",""23249"",""0.0-26.0"",""2365186""";
"692.12999998126,""<div style=""""font-size:24px";"><p> Avez-vous vu au moins un homme? </p><p> <strong> Oui [O] / Non [N] </strong></p> </div>"",""999"",""78"",""rsvpAnswHom"",""0"",""3"",""2"",""6"",""2"",""6"",""2"",""10"",""0"",""html-keyboard-response"",""27"",""23944"",""0.0-27.0"",""2365186"""
"999,""999"",""999"",""999"",""fullscreenExp"",""999"",""999"",""999"",""999"",""999"",""999"",""999"",""999"",""999"",""fullscreen"",""28"",""24977"",""0.0-28.0"",""2365186""";
"999,""fixation_cross"",""999"",""999"",""fixation"",""0"",""4"",""2"",""3"",""2"",""8"",""3"",""12"",""2"",""html-keyboard-response"",""29"",""25481"",""0.0-29.0"",""2365186""";
"999,""imgJS/WMN_scramble_8.jpg,imgJS/WMN_scramble_38.jpg,imgJS/WMN_scramble_37.jpg,imgJS/WMN_scramble_8.jpg,imgJS/WMN_scramble_16.jpg,imgJS/WMN_scramble_77.jpg,imgJS/WMN_scramble_34.jpg,imgJS/WMN_scramble_66.jpg,imgJS/WMN_59.jpg,imgJS/WMN_scramble_41.jpg,i"",""999"",""999"",""rsvp_img_15"",""0"",""4"",""2"",""3"",""2"",""8"",""3"",""12"",""2"",""rsvp_flux"",""30"",""26534"",""0.0-30.0"",""2365186""";
"2312.5349999755,""<div style=""""font-size:24px";"><p> Avez-vous vu au moins une femme? </p><p> <strong> Oui [O] / Non [N] </strong></p> </div>"",""999"",""79"",""rsvpAnswFem"",""0"",""4"",""2"",""3"",""2"",""8"",""3"",""12"",""2"",""html-keyboard-response"",""31"",""28849"",""0.0-31.0"",""2365186"""
"999,""999"",""999"",""999"",""fullscreenExp"",""999"",""999"",""999"",""999"",""999"",""999"",""999"",""999"",""999"",""fullscreen"",""32"",""29886"",""0.0-32.0"",""2365186""";
"999,""fixation_cross"",""999"",""999"",""fixation"",""0"",""5"",""2"",""4"",""2"",""8"",""2"",""10"",""2"",""html-keyboard-response"",""33"",""30389"",""0.0-33.0"",""2365186""";
"999,""imgJS/WFN_scramble_67.jpg,imgJS/WFN_scramble_79.jpg,imgJS/WFN_scramble_64.jpg,imgJS/WFN_scramble_74.jpg,imgJS/WFN_scramble_85.jpg,imgJS/WFN_scramble_45.jpg,imgJS/WFN_scramble_59.jpg,imgJS/WFN_scramble_77.jpg,imgJS/WFN_7.jpg,imgJS/WFN_scramble_12.jpg,"",""999"",""999"",""rsvp_img_15"",""0"",""5"",""2"",""4"",""2"",""8"",""2"",""10"",""2"",""rsvp_flux"",""34"",""31442"",""0.0-34.0"",""2365186""";
"672.43999999482,""<div style=""""font-size:24px";"><p> Avez-vous vu au moins un homme? </p><p> <strong> Oui [O] / Non [N] </strong></p> </div>"",""999"",""78"",""rsvpAnswHom"",""0"",""5"",""2"",""4"",""2"",""8"",""2"",""10"",""2"",""html-keyboard-response"",""35"",""32117"",""0.0-35.0"",""2365186"""
"999,""999"",""999"",""999"",""fullscreenExp"",""999"",""999"",""999"",""999"",""999"",""999"",""999"",""999"",""999"",""fullscreen"",""36"",""33150"",""0.0-36.0"",""2365186""";
"999,""fixation_cross"",""999"",""999"",""fixation"",""1"",""0"",""1"",""4"",""1"",""5"",""2"",""7"",""2"",""html-keyboard-response"",""37"",""33655"",""0.0-37.0"",""2365186""";
"999,""imgJS/WFN_scramble_69.jpg,imgJS/WFN_scramble_77.jpg,imgJS/WFN_scramble_71.jpg,imgJS/WFN_scramble_39.jpg,imgJS/WFN_scramble_78.jpg,imgJS/WFN_6.jpg,imgJS/WFN_scramble_47.jpg,imgJS/WFN_71.jpg,imgJS/WFN_scramble_54.jpg,imgJS/WFN_scramble_64.jpg,imgJS/WFN"",""999"",""999"",""rsvp_img_15"",""1"",""0"",""1"",""4"",""1"",""5"",""2"",""7"",""2"",""rsvp_flux"",""38"",""34709"",""0.0-38.0"",""2365186""";
"1439.0649999841,""<div style=""""font-size:24px";"><p> Avez-vous vu au moins un homme? </p><p> <strong> Oui [O] / Non [N] </strong></p> </div>"",""999"",""78"",""rsvpAnswHom"",""1"",""0"",""1"",""4"",""1"",""5"",""2"",""7"",""2"",""html-keyboard-response"",""39"",""36150"",""0.0-39.0"",""2365186"""
"999,""999"",""999"",""999"",""fullscreenExp"",""999"",""999"",""999"",""999"",""999"",""999"",""999"",""999"",""999"",""fullscreen"",""40"",""37188"",""0.0-40.0"",""2365186""";
"999,""fixation_cross"",""999"",""999"",""fixation"",""1"",""1"",""1"",""1"",""1"",""8"",""1"",""12"",""2"",""html-keyboard-response"",""41"",""37692"",""0.0-41.0"",""2365186""";
"999,""imgJS/WMF_scramble_22.jpg,imgJS/WMF_scramble_23.jpg,imgJS/WMF_scramble_10.jpg,imgJS/WMF_scramble_7.jpg,imgJS/WMF_scramble_6.jpg,imgJS/WMF_scramble_4.jpg,imgJS/WMF_scramble_23.jpg,imgJS/WMF_scramble_15.jpg,imgJS/WMF_14.jpg,imgJS/WMF_scramble_26.jpg,im"",""999"",""999"",""rsvp_img_15"",""1"",""1"",""1"",""1"",""1"",""8"",""1"",""12"",""2"",""rsvp_flux"",""42"",""38746"",""0.0-42.0"",""2365186""";
"782.84999995958,""<div style=""""font-size:24px";"><p> Avez-vous vu au moins une femme? </p><p> <strong> Oui [O] / Non [N] </strong></p> </div>"",""999"",""79"",""rsvpAnswFem"",""1"",""1"",""1"",""1"",""1"",""8"",""1"",""12"",""2"",""html-keyboard-response"",""43"",""39531"",""0.0-43.0"",""2365186"""
"999,""999"",""999"",""999"",""fullscreenExp"",""999"",""999"",""999"",""999"",""999"",""999"",""999"",""999"",""999"",""fullscreen"",""44"",""40566"",""0.0-44.0"",""2365186""";
"999,""fixation_cross"",""999"",""999"",""fixation"",""1"",""2"",""1"",""2"",""1"",""6"",""0"",""10"",""3"",""html-keyboard-response"",""45"",""41071"",""0.0-45.0"",""2365186""";
"999,""imgJS/WFF_scramble_33.jpg,imgJS/WFF_scramble_20.jpg,imgJS/WFF_scramble_30.jpg,imgJS/WFF_scramble_29.jpg,imgJS/WFF_scramble_7.jpg,imgJS/WFF_scramble_6.jpg,imgJS/WFF_25.jpg,imgJS/WFF_scramble_8.jpg,imgJS/WFF_scramble_20.jpg,imgJS/WFF_scramble_7.jpg,img"",""999"",""999"",""rsvp_img_15"",""1"",""2"",""1"",""2"",""1"",""6"",""0"",""10"",""3"",""rsvp_flux"",""46"",""42123"",""0.0-46.0"",""2365186""";
"935.57500001043,""<div style=""""font-size:24px";"><p> Avez-vous vu au moins un homme? </p><p> <strong> Oui [O] / Non [N] </strong></p> </div>"",""999"",""79"",""rsvpAnswHom"",""1"",""2"",""1"",""2"",""1"",""6"",""0"",""10"",""3"",""html-keyboard-response"",""47"",""43061"",""0.0-47.0"",""2365186"""
"999,""999"",""999"",""999"",""fullscreenExp"",""999"",""999"",""999"",""999"",""999"",""999"",""999"",""999"",""999"",""fullscreen"",""48"",""44105"",""0.0-48.0"",""2365186""";
"999,""fixation_cross"",""999"",""999"",""fixation"",""1"",""3"",""1"",""2"",""1"",""8"",""0"",""12"",""3"",""html-keyboard-response"",""49"",""44611"",""0.0-49.0"",""2365186""";
"999,""imgJS/WFF_scramble_19.jpg,imgJS/WFF_scramble_32.jpg,imgJS/WFF_scramble_29.jpg,imgJS/WFF_scramble_28.jpg,imgJS/WFF_scramble_15.jpg,imgJS/WFF_scramble_13.jpg,imgJS/WFF_scramble_23.jpg,imgJS/WFF_scramble_30.jpg,imgJS/WFF_18.jpg,imgJS/WFF_scramble_26.jpg"",""999"",""999"",""rsvp_img_15"",""1"",""3"",""1"",""2"",""1"",""8"",""0"",""12"",""3"",""rsvp_flux"",""50"",""45664"",""0.0-50.0"",""2365186""";
"607.14499995811,""<div style=""""font-size:24px";"><p> Avez-vous vu au moins un homme? </p><p> <strong> Oui [O] / Non [N] </strong></p> </div>"",""999"",""78"",""rsvpAnswHom"",""1"",""3"",""1"",""2"",""1"",""8"",""0"",""12"",""3"",""html-keyboard-response"",""51"",""46274"",""0.0-51.0"",""2365186"""
"999,""999"",""999"",""999"",""fullscreenExp"",""999"",""999"",""999"",""999"",""999"",""999"",""999"",""999"",""999"",""fullscreen"",""52"",""47309"",""0.0-52.0"",""2365186""";
"999,""fixation_cross"",""999"",""999"",""fixation"",""1"",""4"",""1"",""3"",""1"",""6"",""1"",""10"",""0"",""html-keyboard-response"",""53"",""47814"",""0.0-53.0"",""2365186""";
"999,""imgJS/WMF_scramble_29.jpg,imgJS/WMF_scramble_10.jpg,imgJS/WMF_scramble_2.jpg,imgJS/WMF_scramble_12.jpg,imgJS/WMF_scramble_5.jpg,imgJS/WMF_scramble_22.jpg,imgJS/WMF_8.jpg,imgJS/WMF_scramble_13.jpg,imgJS/WMF_scramble_15.jpg,imgJS/WMF_scramble_21.jpg,im"",""999"",""999"",""rsvp_img_15"",""1"",""4"",""1"",""3"",""1"",""6"",""1"",""10"",""0"",""rsvp_flux"",""54"",""48867"",""0.0-54.0"",""2365186""";
"787.2099999804,""<div style=""""font-size:24px";"><p> Avez-vous vu au moins une femme? </p><p> <strong> Oui [O] / Non [N] </strong></p> </div>"",""999"",""79"",""rsvpAnswFem"",""1"",""4"",""1"",""3"",""1"",""6"",""1"",""10"",""0"",""html-keyboard-response"",""55"",""49656"",""0.0-55.0"",""2365186"""
"999,""999"",""999"",""999"",""fullscreenExp"",""999"",""999"",""999"",""999"",""999"",""999"",""999"",""999"",""999"",""fullscreen"",""56"",""50691"",""0.0-56.0"",""2365186""";
"999,""fixation_cross"",""999"",""999"",""fixation"",""1"",""5"",""1"",""1"",""1"",""8"",""1"",""10"",""3"",""html-keyboard-response"",""57"",""51196"",""0.0-57.0"",""2365186""";
"999,""imgJS/WMF_scramble_4.jpg,imgJS/WMF_scramble_9.jpg,imgJS/WMF_scramble_4.jpg,imgJS/WMF_scramble_15.jpg,imgJS/WMF_scramble_1.jpg,imgJS/WMF_scramble_22.jpg,imgJS/WMF_scramble_18.jpg,imgJS/WMF_scramble_13.jpg,imgJS/WMF_20.jpg,imgJS/WMF_scramble_21.jpg,img"",""999"",""999"",""rsvp_img_15"",""1"",""5"",""1"",""1"",""1"",""8"",""1"",""10"",""3"",""rsvp_flux"",""58"",""52248"",""0.0-58.0"",""2365186""";
"530.19999997923,""<div style=""""font-size:24px";"><p> Avez-vous vu au moins une femme? </p><p> <strong> Oui [O] / Non [N] </strong></p> </div>"",""999"",""79"",""rsvpAnswFem"",""1"",""5"",""1"",""1"",""1"",""8"",""1"",""10"",""3"",""html-keyboard-response"",""59"",""52781"",""0.0-59.0"",""2365186"""
"999,""999"",""999"",""999"",""fullscreenExp"",""999"",""999"",""999"",""999"",""999"",""999"",""999"",""999"",""999"",""fullscreen"",""60"",""53815"",""0.0-60.0"",""2365186""";
"999,""999"",""999"",""999"",""fullscreenExp"",""999"",""999"",""999"",""999"",""999"",""999"",""999"",""999"",""999"",""fullscreen"",""61"",""53819"",""0.0-61.0"",""2365186""";
"999,""instructions/instructionsDiapo/Slide11.jpg"",""999"",""999"",""instr"",""999"",""999"",""999"",""999"",""999"",""999"",""999"",""999"",""999"",""image-keyboard-response"",""62"",""59776"",""0.0-62.0"",""2365186""";
"999,""instructions/instructionsDiapo/Slide5.jpg"",""999"",""999"",""instrCondi"",""0"",""999"",NULL,NULL,""2"",""999"",""999"",""999"",""999"",""image-keyboard-response"",""63"",""64812"",""0.0-63.0"",""2365186""";
"999,""fixation_cross"",""999"",""999"",""fixation"",""0"",""0"",""1"",""2"",""2"",""5"",""0"",""7"",""2"",""html-keyboard-response"",""64"",""65316"",""0.0-64.0"",""2365186""";
"999,""imgJS/WFF_scramble_5.jpg,imgJS/WFF_scramble_23.jpg,imgJS/WFF_scramble_28.jpg,imgJS/WFF_scramble_20.jpg,imgJS/WFF_scramble_15.jpg,imgJS/WFF_32.jpg,imgJS/WFF_scramble_25.jpg,imgJS/WFN_55.jpg,imgJS/WFF_scramble_36.jpg,imgJS/WFF_scramble_17.jpg,imgJS/WFF"",""999"",""999"",""rsvp_img_15"",""0"",""0"",""1"",""2"",""2"",""5"",""0"",""7"",""2"",""rsvp_flux"",""65"",""66369"",""0.0-65.0"",""2365186""";
"917.70500002895,""<div style=""""font-size:24px";"><p> Avez-vous vu au moins un homme? </p><p> <strong> Oui [O] / Non [N] </strong></p> </div>"",""999"",""78"",""rsvpAnswHom"",""0"",""0"",""1"",""2"",""2"",""5"",""0"",""7"",""2"",""html-keyboard-response"",""66"",""67289"",""0.0-66.0"",""2365186"""
"999,""999"",""999"",""999"",""fullscreenExp"",""999"",""999"",""999"",""999"",""999"",""999"",""999"",""999"",""999"",""fullscreen"",""67"",""68326"",""0.0-67.0"",""2365186""";
"999,""fixation_cross"",""999"",""999"",""fixation"",""0"",""1"",""1"",""4"",""2"",""8"",""2"",""12"",""2"",""html-keyboard-response"",""68"",""68832"",""0.0-68.0"",""2365186""";
"999,""imgJS/WFN_scramble_17.jpg,imgJS/WFN_scramble_14.jpg,imgJS/WFN_scramble_77.jpg,imgJS/WFN_scramble_26.jpg,imgJS/WFN_scramble_29.jpg,imgJS/WFN_scramble_83.jpg,imgJS/WFN_scramble_42.jpg,imgJS/WFN_scramble_58.jpg,imgJS/WFN_41.jpg,imgJS/WFN_scramble_7.jpg,"",""999"",""999"",""rsvp_img_15"",""0"",""1"",""1"",""4"",""2"",""8"",""2"",""12"",""2"",""rsvp_flux"",""69"",""69884"",""0.0-69.0"",""2365186""";
"431.4000000013,""<div style=""""font-size:24px";"><p> Avez-vous vu au moins un homme? </p><p> <strong> Oui [O] / Non [N] </strong></p> </div>"",""999"",""78"",""rsvpAnswHom"",""0"",""1"",""1"",""4"",""2"",""8"",""2"",""12"",""2"",""html-keyboard-response"",""70"",""70318"",""0.0-70.0"",""2365186"""
"999,""999"",""999"",""999"",""fullscreenExp"",""999"",""999"",""999"",""999"",""999"",""999"",""999"",""999"",""999"",""fullscreen"",""71"",""71355"",""0.0-71.0"",""2365186""";
"999,""fixation_cross"",""999"",""999"",""fixation"",""0"",""2"",""1"",""1"",""2"",""7"",""1"",""11"",""2"",""html-keyboard-response"",""72"",""71859"",""0.0-72.0"",""2365186""";
"999,""imgJS/WMF_scramble_4.jpg,imgJS/WMF_scramble_2.jpg,imgJS/WMF_scramble_2.jpg,imgJS/WMF_scramble_17.jpg,imgJS/WMF_scramble_28.jpg,imgJS/WMF_scramble_18.jpg,imgJS/WMF_scramble_11.jpg,imgJS/WMF_26.jpg,imgJS/WMF_scramble_17.jpg,imgJS/WMF_scramble_17.jpg,im"",""999"",""999"",""rsvp_img_15"",""0"",""2"",""1"",""1"",""2"",""7"",""1"",""11"",""2"",""rsvp_flux"",""73"",""72914"",""0.0-73.0"",""2365186""";
"396.84000000125,""<div style=""""font-size:24px";"><p> Avez-vous vu au moins une femme? </p><p> <strong> Oui [O] / Non [N] </strong></p> </div>"",""999"",""78"",""rsvpAnswFem"",""0"",""2"",""1"",""1"",""2"",""7"",""1"",""11"",""2"",""html-keyboard-response"",""74"",""73313"",""0.0-74.0"",""2365186"""
"999,""999"",""999"",""999"",""fullscreenExp"",""999"",""999"",""999"",""999"",""999"",""999"",""999"",""999"",""999"",""fullscreen"",""75"",""74349"",""0.0-75.0"",""2365186""";
"999,""fixation_cross"",""999"",""999"",""fixation"",""0"",""3"",""1"",""3"",""2"",""8"",""1"",""12"",""0"",""html-keyboard-response"",""76"",""74854"",""0.0-76.0"",""2365186""";
"999,""imgJS/WMF_scramble_7.jpg,imgJS/WMF_scramble_15.jpg,imgJS/WMF_scramble_18.jpg,imgJS/WMF_scramble_15.jpg,imgJS/WMF_scramble_20.jpg,imgJS/WMF_scramble_27.jpg,imgJS/WMF_scramble_11.jpg,imgJS/WMF_scramble_18.jpg,imgJS/WMF_14.jpg,imgJS/WMF_scramble_9.jpg,i"",""999"",""999"",""rsvp_img_15"",""0"",""3"",""1"",""3"",""2"",""8"",""1"",""12"",""0"",""rsvp_flux"",""77"",""75907"",""0.0-77.0"",""2365186""";
"1024.9250000343,""<div style=""""font-size:24px";"><p> Avez-vous vu au moins une femme? </p><p> <strong> Oui [O] / Non [N] </strong></p> </div>"",""999"",""78"",""rsvpAnswFem"",""0"",""3"",""1"",""3"",""2"",""8"",""1"",""12"",""0"",""html-keyboard-response"",""78"",""76934"",""0.0-78.0"",""2365186"""
"999,""999"",""999"",""999"",""fullscreenExp"",""999"",""999"",""999"",""999"",""999"",""999"",""999"",""999"",""999"",""fullscreen"",""79"",""77969"",""0.0-79.0"",""2365186""";
"999,""fixation_cross"",""999"",""999"",""fixation"",""0"",""4"",""1"",""2"",""2"",""6"",""0"",""8"",""2"",""html-keyboard-response"",""80"",""78473"",""0.0-80.0"",""2365186""";
"999,""imgJS/WFF_scramble_16.jpg,imgJS/WFF_scramble_12.jpg,imgJS/WFF_scramble_31.jpg,imgJS/WFF_scramble_24.jpg,imgJS/WFF_scramble_20.jpg,imgJS/WFF_scramble_30.jpg,imgJS/WFF_33.jpg,imgJS/WFF_scramble_31.jpg,imgJS/WFN_50.jpg,imgJS/WFF_scramble_33.jpg,imgJS/WF"",""999"",""999"",""rsvp_img_15"",""0"",""4"",""1"",""2"",""2"",""6"",""0"",""8"",""2"",""rsvp_flux"",""81"",""79526"",""0.0-81.0"",""2365186""";
"303.35999996169,""<div style=""""font-size:24px";"><p> Avez-vous vu au moins un homme? </p><p> <strong> Oui [O] / Non [N] </strong></p> </div>"",""999"",""78"",""rsvpAnswHom"",""0"",""4"",""1"",""2"",""2"",""6"",""0"",""8"",""2"",""html-keyboard-response"",""82"",""79832"",""0.0-82.0"",""2365186"""
"999,""999"",""999"",""999"",""fullscreenExp"",""999"",""999"",""999"",""999"",""999"",""999"",""999"",""999"",""999"",""fullscreen"",""83"",""80867"",""0.0-83.0"",""2365186""";
"999,""fixation_cross"",""999"",""999"",""fixation"",""0"",""5"",""1"",""1"",""2"",""8"",""1"",""12"",""3"",""html-keyboard-response"",""84"",""81372"",""0.0-84.0"",""2365186""";
"999,""imgJS/WMF_scramble_7.jpg,imgJS/WMF_scramble_18.jpg,imgJS/WMF_scramble_22.jpg,imgJS/WMF_scramble_27.jpg,imgJS/WMF_scramble_7.jpg,imgJS/WMF_scramble_22.jpg,imgJS/WMF_scramble_26.jpg,imgJS/WMF_scramble_22.jpg,imgJS/WMF_15.jpg,imgJS/WMF_scramble_14.jpg,i"",""999"",""999"",""rsvp_img_15"",""0"",""5"",""1"",""1"",""2"",""8"",""1"",""12"",""3"",""rsvp_flux"",""85"",""82425"",""0.0-85.0"",""2365186""";
"336.39999997104,""<div style=""""font-size:24px";"><p> Avez-vous vu au moins une femme? </p><p> <strong> Oui [O] / Non [N] </strong></p> </div>"",""999"",""78"",""rsvpAnswFem"",""0"",""5"",""1"",""1"",""2"",""8"",""1"",""12"",""3"",""html-keyboard-response"",""86"",""82764"",""0.0-86.0"",""2365186"""
"999,""999"",""999"",""999"",""fullscreenExp"",""999"",""999"",""999"",""999"",""999"",""999"",""999"",""999"",""999"",""fullscreen"",""87"",""83769"",""0.0-87.0"",""2365186""";
"999,""instructions/instructionsDiapo/Slide6.jpg"",""999"",""999"",""instrCondi"",""1"",""999"",NULL,NULL,""1"",""999"",""999"",""999"",""999"",""image-keyboard-response"",""88"",""84838"",""0.0-88.0"",""2365186""";
"999,""fixation_cross"",""999"",""999"",""fixation"",""1"",""0"",""2"",""3"",""1"",""4"",""3"",""8"",""2"",""html-keyboard-response"",""89"",""85341"",""0.0-89.0"",""2365186""";
"999,""imgJS/WMN_scramble_5.jpg,imgJS/WMN_scramble_24.jpg,imgJS/WMN_scramble_5.jpg,imgJS/WMN_scramble_91.jpg,imgJS/WMN_32.jpg,imgJS/WMN_scramble_44.jpg,imgJS/WMN_scramble_69.jpg,imgJS/WMN_scramble_76.jpg,imgJS/WFN_67.jpg,imgJS/WMN_scramble_2.jpg,imgJS/WMN_s"",""999"",""999"",""rsvp_img_15"",""1"",""0"",""2"",""3"",""1"",""4"",""3"",""8"",""2"",""rsvp_flux"",""90"",""86395"",""0.0-90.0"",""2365186""";
"397.86500000628,""<div style=""""font-size:24px";"><p> Avez-vous vu au moins une femme? </p><p> <strong> Oui [O] / Non [N] </strong></p> </div>"",""999"",""78"",""rsvpAnswFem"",""1"",""0"",""2"",""3"",""1"",""4"",""3"",""8"",""2"",""html-keyboard-response"",""91"",""86795"",""0.0-91.0"",""2365186"""
"999,""999"",""999"",""999"",""fullscreenExp"",""999"",""999"",""999"",""999"",""999"",""999"",""999"",""999"",""999"",""fullscreen"",""92"",""87833"",""0.0-92.0"",""2365186""";
"999,""fixation_cross"",""999"",""999"",""fixation"",""1"",""1"",""2"",""5"",""1"",""8"",""3"",""10"",""1"",""html-keyboard-response"",""93"",""88337"",""0.0-93.0"",""2365186""";
"999,""imgJS/WMN_scramble_74.jpg,imgJS/WMN_scramble_90.jpg,imgJS/WMN_scramble_64.jpg,imgJS/WMN_scramble_16.jpg,imgJS/WMN_scramble_66.jpg,imgJS/WMN_scramble_13.jpg,imgJS/WMN_scramble_75.jpg,imgJS/WMN_scramble_13.jpg,imgJS/WMN_63.jpg,imgJS/WMN_scramble_1.jpg,"",""999"",""999"",""rsvp_img_15"",""1"",""1"",""2"",""5"",""1"",""8"",""3"",""10"",""1"",""rsvp_flux"",""94"",""89391"",""0.0-94.0"",""2365186""";
"168.0650000344,""<div style=""""font-size:24px";"><p> Avez-vous vu au moins une femme? </p><p> <strong> Oui [O] / Non [N] </strong></p> </div>"",""999"",""78"",""rsvpAnswFem"",""1"",""1"",""2"",""5"",""1"",""8"",""3"",""10"",""1"",""html-keyboard-response"",""95"",""89562"",""0.0-95.0"",""2365186"""
"999,""999"",""999"",""999"",""fullscreenExp"",""999"",""999"",""999"",""999"",""999"",""999"",""999"",""999"",""999"",""fullscreen"",""96"",""90597"",""0.0-96.0"",""2365186""";
"999,""fixation_cross"",""999"",""999"",""fixation"",""1"",""2"",""2"",""4"",""1"",""4"",""0"",""6"",""1"",""html-keyboard-response"",""97"",""91102"",""0.0-97.0"",""2365186""";
"999,""imgJS/WFF_scramble_25.jpg,imgJS/WFF_scramble_29.jpg,imgJS/WFF_scramble_2.jpg,imgJS/WFF_scramble_12.jpg,imgJS/WFF_15.jpg,imgJS/WFF_scramble_28.jpg,imgJS/WMF_26.jpg,imgJS/WFF_scramble_1.jpg,imgJS/WFF_scramble_18.jpg,imgJS/WFF_scramble_18.jpg,imgJS/WFF_"",""999"",""999"",""rsvp_img_15"",""1"",""2"",""2"",""4"",""1"",""4"",""0"",""6"",""1"",""rsvp_flux"",""98"",""92155"",""0.0-98.0"",""2365186""";
"434.36999997357,""<div style=""""font-size:24px";"><p> Avez-vous vu au moins un homme? </p><p> <strong> Oui [O] / Non [N] </strong></p> </div>"",""999"",""78"",""rsvpAnswHom"",""1"",""2"",""2"",""4"",""1"",""4"",""0"",""6"",""1"",""html-keyboard-response"",""99"",""92592"",""0.0-99.0"",""2365186"""
"999,""999"",""999"",""999"",""fullscreenExp"",""999"",""999"",""999"",""999"",""999"",""999"",""999"",""999"",""999"",""fullscreen"",""100"",""93628"",""0.0-100.0"",""2365186""";
"999,""fixation_cross"",""999"",""999"",""fixation"",""1"",""3"",""2"",""6"",""1"",""7"",""2"",""9"",""0"",""html-keyboard-response"",""101"",""94131"",""0.0-101.0"",""2365186""";
"999,""imgJS/WFN_scramble_59.jpg,imgJS/WFN_scramble_62.jpg,imgJS/WFN_scramble_64.jpg,imgJS/WFN_scramble_15.jpg,imgJS/WFN_scramble_31.jpg,imgJS/WFN_scramble_54.jpg,imgJS/WFN_scramble_37.jpg,imgJS/WFN_33.jpg,imgJS/WFN_scramble_56.jpg,imgJS/WFF_9.jpg,imgJS/WFN"",""999"",""999"",""rsvp_img_15"",""1"",""3"",""2"",""6"",""1"",""7"",""2"",""9"",""0"",""rsvp_flux"",""102"",""95184"",""0.0-102.0"",""2365186""";
"809.54500002554,""<div style=""""font-size:24px";"><p> Avez-vous vu au moins un homme? </p><p> <strong> Oui [O] / Non [N] </strong></p> </div>"",""999"",""78"",""rsvpAnswHom"",""1"",""3"",""2"",""6"",""1"",""7"",""2"",""9"",""0"",""html-keyboard-response"",""103"",""95996"",""0.0-103.0"",""2365186"""
"999,""999"",""999"",""999"",""fullscreenExp"",""999"",""999"",""999"",""999"",""999"",""999"",""999"",""999"",""999"",""fullscreen"",""104"",""97031"",""0.0-104.0"",""2365186""";
"999,""fixation_cross"",""999"",""999"",""fixation"",""1"",""4"",""2"",""5"",""1"",""7"",""3"",""9"",""0"",""html-keyboard-response"",""105"",""97535"",""0.0-105.0"",""2365186""";
"999,""imgJS/WMN_scramble_12.jpg,imgJS/WMN_scramble_34.jpg,imgJS/WMN_scramble_72.jpg,imgJS/WMN_scramble_57.jpg,imgJS/WMN_scramble_34.jpg,imgJS/WMN_scramble_67.jpg,imgJS/WMN_scramble_80.jpg,imgJS/WMN_12.jpg,imgJS/WMN_scramble_90.jpg,imgJS/WFF_14.jpg,imgJS/WM"",""999"",""999"",""rsvp_img_15"",""1"",""4"",""2"",""5"",""1"",""7"",""3"",""9"",""0"",""rsvp_flux"",""106"",""98589"",""0.0-106.0"",""2365186""";
"850.15499999281,""<div style=""""font-size:24px";"><p> Avez-vous vu au moins une femme? </p><p> <strong> Oui [O] / Non [N] </strong></p> </div>"",""999"",""78"",""rsvpAnswFem"",""1"",""4"",""2"",""5"",""1"",""7"",""3"",""9"",""0"",""html-keyboard-response"",""107"",""99442"",""0.0-107.0"",""2365186"""
"999,""999"",""999"",""999"",""fullscreenExp"",""999"",""999"",""999"",""999"",""999"",""999"",""999"",""999"",""999"",""fullscreen"",""108"",""100476"",""0.0-108.0"",""2365186""";
"999,""fixation_cross"",""999"",""999"",""fixation"",""1"",""5"",""2"",""6"",""1"",""8"",""2"",""10"",""1"",""html-keyboard-response"",""109"",""100981"",""0.0-109.0"",""2365186""";
"999,""imgJS/WFN_scramble_14.jpg,imgJS/WFN_scramble_8.jpg,imgJS/WFN_scramble_47.jpg,imgJS/WFN_scramble_5.jpg,imgJS/WFN_scramble_6.jpg,imgJS/WFN_scramble_28.jpg,imgJS/WFN_scramble_36.jpg,imgJS/WFN_scramble_14.jpg,imgJS/WFN_3.jpg,imgJS/WFN_scramble_38.jpg,img"",""999"",""999"",""rsvp_img_15"",""1"",""5"",""2"",""6"",""1"",""8"",""2"",""10"",""1"",""rsvp_flux"",""110"",""102035"",""0.0-110.0"",""2365186""";
"578.22500000475,""<div style=""""font-size:24px";"><p> Avez-vous vu au moins un homme? </p><p> <strong> Oui [O] / Non [N] </strong></p> </div>"",""999"",""78"",""rsvpAnswHom"",""1"",""5"",""2"",""6"",""1"",""8"",""2"",""10"",""1"",""html-keyboard-response"",""111"",""102615"",""0.0-111.0"",""2365186"""
"999,""999"",""999"",""999"",""fullscreenExp"",""999"",""999"",""999"",""999"",""999"",""999"",""999"",""999"",""999"",""fullscreen"",""112"",""103650"",""0.0-112.0"",""2365186""";
"999,""instructions/instructionsDiapo/Slide4.jpg"",""999"",""999"",""instrCondi"",""2"",""999"",NULL,NULL,""1"",""999"",""999"",""999"",""999"",""image-keyboard-response"",""113"",""104778"",""0.0-113.0"",""2365186""";
"999,""fixation_cross"",""999"",""999"",""fixation"",""2"",""0"",""1"",""4"",""1"",""7"",""2"",""9"",""3"",""html-keyboard-response"",""114"",""105281"",""0.0-114.0"",""2365186""";
"999,""imgJS/WFN_scramble_58.jpg,imgJS/WFN_scramble_41.jpg,imgJS/WFN_scramble_42.jpg,imgJS/WFN_scramble_37.jpg,imgJS/WFN_scramble_72.jpg,imgJS/WFN_scramble_79.jpg,imgJS/WFN_scramble_7.jpg,imgJS/WFN_6.jpg,imgJS/WFN_scramble_46.jpg,imgJS/WMN_63.jpg,imgJS/WFN_"",""999"",""999"",""rsvp_img_15"",""2"",""0"",""1"",""4"",""1"",""7"",""2"",""9"",""3"",""rsvp_flux"",""115"",""106335"",""0.0-115.0"",""2365186""";
"465.68000002299,""<div style=""""font-size:24px";"><p> Avez-vous vu au moins un homme? </p><p> <strong> Oui [O] / Non [N] </strong></p> </div>"",""999"",""78"",""rsvpAnswHom"",""2"",""0"",""1"",""4"",""1"",""7"",""2"",""9"",""3"",""html-keyboard-response"",""116"",""106803"",""0.0-116.0"",""2365186"""
"999,""999"",""999"",""999"",""fullscreenExp"",""999"",""999"",""999"",""999"",""999"",""999"",""999"",""999"",""999"",""fullscreen"",""117"",""107839"",""0.0-117.0"",""2365186""";
"999,""fixation_cross"",""999"",""999"",""fixation"",""2"",""1"",""1"",""2"",""1"",""6"",""0"",""8"",""2"",""html-keyboard-response"",""118"",""108342"",""0.0-118.0"",""2365186""";
"999,""imgJS/WFF_scramble_27.jpg,imgJS/WFF_scramble_13.jpg,imgJS/WFF_scramble_34.jpg,imgJS/WFF_scramble_31.jpg,imgJS/WFF_scramble_28.jpg,imgJS/WFF_scramble_31.jpg,imgJS/WFF_30.jpg,imgJS/WFF_scramble_12.jpg,imgJS/WFN_18.jpg,imgJS/WFF_scramble_28.jpg,imgJS/WF"",""999"",""999"",""rsvp_img_15"",""2"",""1"",""1"",""2"",""1"",""6"",""0"",""8"",""2"",""rsvp_flux"",""119"",""109395"",""0.0-119.0"",""2365186""";
"605.93499999959,""<div style=""""font-size:24px";"><p> Avez-vous vu au moins un homme? </p><p> <strong> Oui [O] / Non [N] </strong></p> </div>"",""999"",""78"",""rsvpAnswHom"",""2"",""1"",""1"",""2"",""1"",""6"",""0"",""8"",""2"",""html-keyboard-response"",""120"",""110004"",""0.0-120.0"",""2365186"""
"999,""999"",""999"",""999"",""fullscreenExp"",""999"",""999"",""999"",""999"",""999"",""999"",""999"",""999"",""999"",""fullscreen"",""121"",""111046"",""0.0-121.0"",""2365186""";
"999,""fixation_cross"",""999"",""999"",""fixation"",""2"",""2"",""1"",""1"",""1"",""5"",""1"",""9"",""2"",""html-keyboard-response"",""122"",""111550"",""0.0-122.0"",""2365186""";
"999,""imgJS/WMF_scramble_15.jpg,imgJS/WMF_scramble_19.jpg,imgJS/WMF_scramble_12.jpg,imgJS/WMF_scramble_20.jpg,imgJS/WMF_scramble_28.jpg,imgJS/WMF_6.jpg,imgJS/WMF_scramble_11.jpg,imgJS/WMF_scramble_2.jpg,imgJS/WMF_scramble_21.jpg,imgJS/WFN_16.jpg,imgJS/WMF_"",""999"",""999"",""rsvp_img_15"",""2"",""2"",""1"",""1"",""1"",""5"",""1"",""9"",""2"",""rsvp_flux"",""123"",""112602"",""0.0-123.0"",""2365186""";
"553.82500000997,""<div style=""""font-size:24px";"><p> Avez-vous vu au moins une femme? </p><p> <strong> Oui [O] / Non [N] </strong></p> </div>"",""999"",""78"",""rsvpAnswFem"",""2"",""2"",""1"",""1"",""1"",""5"",""1"",""9"",""2"",""html-keyboard-response"",""124"",""113158"",""0.0-124.0"",""2365186"""
"999,""999"",""999"",""999"",""fullscreenExp"",""999"",""999"",""999"",""999"",""999"",""999"",""999"",""999"",""999"",""fullscreen"",""125"",""114193"",""0.0-125.0"",""2365186""";
"999,""fixation_cross"",""999"",""999"",""fixation"",""2"",""3"",""1"",""3"",""1"",""5"",""1"",""9"",""1"",""html-keyboard-response"",""126"",""114697"",""0.0-126.0"",""2365186""";
"999,""imgJS/WMF_scramble_18.jpg,imgJS/WMF_scramble_15.jpg,imgJS/WMF_scramble_2.jpg,imgJS/WMF_scramble_20.jpg,imgJS/WMF_scramble_27.jpg,imgJS/WMF_4.jpg,imgJS/WMF_scramble_1.jpg,imgJS/WMF_scramble_8.jpg,imgJS/WMF_scramble_15.jpg,imgJS/WMF_10.jpg,imgJS/WMF_sc"",""999"",""999"",""rsvp_img_15"",""2"",""3"",""1"",""3"",""1"",""5"",""1"",""9"",""1"",""rsvp_flux"",""127"",""115751"",""0.0-127.0"",""2365186""";
"685.72499998845,""<div style=""""font-size:24px";"><p> Avez-vous vu au moins une femme? </p><p> <strong> Oui [O] / Non [N] </strong></p> </div>"",""999"",""78"",""rsvpAnswFem"",""2"",""3"",""1"",""3"",""1"",""5"",""1"",""9"",""1"",""html-keyboard-response"",""128"",""116440"",""0.0-128.0"",""2365186"""
"999,""999"",""999"",""999"",""fullscreenExp"",""999"",""999"",""999"",""999"",""999"",""999"",""999"",""999"",""999"",""fullscreen"",""129"",""117476"",""0.0-129.0"",""2365186""";
"999,""fixation_cross"",""999"",""999"",""fixation"",""2"",""4"",""1"",""1"",""1"",""7"",""1"",""11"",""3"",""html-keyboard-response"",""130"",""117982"",""0.0-130.0"",""2365186""";
"999,""imgJS/WMF_scramble_9.jpg,imgJS/WMF_scramble_1.jpg,imgJS/WMF_scramble_2.jpg,imgJS/WMF_scramble_11.jpg,imgJS/WMF_scramble_1.jpg,imgJS/WMF_scramble_23.jpg,imgJS/WMF_scramble_12.jpg,imgJS/WMF_19.jpg,imgJS/WMF_scramble_4.jpg,imgJS/WMF_scramble_20.jpg,imgJ"",""999"",""999"",""rsvp_img_15"",""2"",""4"",""1"",""1"",""1"",""7"",""1"",""11"",""3"",""rsvp_flux"",""131"",""119036"",""0.0-131.0"",""2365186""";
"107.27499995846,""<div style=""""font-size:24px";"><p> Avez-vous vu au moins une femme? </p><p> <strong> Oui [O] / Non [N] </strong></p> </div>"",""999"",""78"",""rsvpAnswFem"",""2"",""4"",""1"",""1"",""1"",""7"",""1"",""11"",""3"",""html-keyboard-response"",""132"",""119145"",""0.0-132.0"",""2365186"""
"999,""999"",""999"",""999"",""fullscreenExp"",""999"",""999"",""999"",""999"",""999"",""999"",""999"",""999"",""999"",""fullscreen"",""133"",""120181"",""0.0-133.0"",""2365186""";
"999,""fixation_cross"",""999"",""999"",""fixation"",""2"",""5"",""1"",""2"",""1"",""5"",""0"",""7"",""3"",""html-keyboard-response"",""134"",""120685"",""0.0-134.0"",""2365186""";
"999,""imgJS/WFF_scramble_4.jpg,imgJS/WFF_scramble_29.jpg,imgJS/WFF_scramble_25.jpg,imgJS/WFF_scramble_32.jpg,imgJS/WFF_scramble_16.jpg,imgJS/WFF_33.jpg,imgJS/WFF_scramble_3.jpg,imgJS/WMN_40.jpg,imgJS/WFF_scramble_30.jpg,imgJS/WFF_scramble_4.jpg,imgJS/WFF_s"",""999"",""999"",""rsvp_img_15"",""2"",""5"",""1"",""2"",""1"",""5"",""0"",""7"",""3"",""rsvp_flux"",""135"",""121738"",""0.0-135.0"",""2365186""";
"386.49499998428,""<div style=""""font-size:24px";"><p> Avez-vous vu au moins un homme? </p><p> <strong> Oui [O] / Non [N] </strong></p> </div>"",""999"",""78"",""rsvpAnswHom"",""2"",""5"",""1"",""2"",""1"",""5"",""0"",""7"",""3"",""html-keyboard-response"",""136"",""122127"",""0.0-136.0"",""2365186"""
"999,""999"",""999"",""999"",""fullscreenExp"",""999"",""999"",""999"",""999"",""999"",""999"",""999"",""999"",""999"",""fullscreen"",""137"",""123161"",""0.0-137.0"",""2365186""";
"999,""instructions/instructionsDiapo/Slide7.jpg"",""999"",""999"",""instrCondi"",""3"",""999"",NULL,NULL,""2"",""999"",""999"",""999"",""999"",""image-keyboard-response"",""138"",""125555"",""0.0-138.0"",""2365186""";
"999,""fixation_cross"",""999"",""999"",""fixation"",""3"",""0"",""2"",""5"",""2"",""5"",""3"",""7"",""0"",""html-keyboard-response"",""139"",""126058"",""0.0-139.0"",""2365186""";
"999,""imgJS/WMN_scramble_48.jpg,imgJS/WMN_scramble_22.jpg,imgJS/WMN_scramble_75.jpg,imgJS/WMN_scramble_68.jpg,imgJS/WMN_scramble_47.jpg,imgJS/WMN_65.jpg,imgJS/WMN_scramble_50.jpg,imgJS/WFF_16.jpg,imgJS/WMN_scramble_57.jpg,imgJS/WMN_scramble_6.jpg,imgJS/WMN"",""999"",""999"",""rsvp_img_15"",""3"",""0"",""2"",""5"",""2"",""5"",""3"",""7"",""0"",""rsvp_flux"",""140"",""127111"",""0.0-140.0"",""2365186""";
"631.9600000279,""<div style=""""font-size:24px";"><p> Avez-vous vu au moins une femme? </p><p> <strong> Oui [O] / Non [N] </strong></p> </div>"",""999"",""78"",""rsvpAnswFem"",""3"",""0"",""2"",""5"",""2"",""5"",""3"",""7"",""0"",""html-keyboard-response"",""141"",""127745"",""0.0-141.0"",""2365186"""
"999,""999"",""999"",""999"",""fullscreenExp"",""999"",""999"",""999"",""999"",""999"",""999"",""999"",""999"",""999"",""fullscreen"",""142"",""128780"",""0.0-142.0"",""2365186""";
"999,""fixation_cross"",""999"",""999"",""fixation"",""3"",""1"",""2"",""3"",""2"",""7"",""1"",""9"",""1"",""html-keyboard-response"",""143"",""129285"",""0.0-143.0"",""2365186""";
"999,""imgJS/WMF_scramble_15.jpg,imgJS/WMF_scramble_7.jpg,imgJS/WMF_scramble_4.jpg,imgJS/WMF_scramble_26.jpg,imgJS/WMF_scramble_29.jpg,imgJS/WMF_scramble_11.jpg,imgJS/WMF_scramble_1.jpg,imgJS/WMF_15.jpg,imgJS/WMF_scramble_3.jpg,imgJS/WMF_9.jpg,imgJS/WMF_scr"",""999"",""999"",""rsvp_img_15"",""3"",""1"",""2"",""3"",""2"",""7"",""1"",""9"",""1"",""rsvp_flux"",""144"",""130339"",""0.0-144.0"",""2365186""";
"361.32500000531,""<div style=""""font-size:24px";"><p> Avez-vous vu au moins une femme? </p><p> <strong> Oui [O] / Non [N] </strong></p> </div>"",""999"",""78"",""rsvpAnswFem"",""3"",""1"",""2"",""3"",""2"",""7"",""1"",""9"",""1"",""html-keyboard-response"",""145"",""130703"",""0.0-145.0"",""2365186"""
"999,""999"",""999"",""999"",""fullscreenExp"",""999"",""999"",""999"",""999"",""999"",""999"",""999"",""999"",""999"",""fullscreen"",""146"",""131741"",""0.0-146.0"",""2365186""";
"999,""fixation_cross"",""999"",""999"",""fixation"",""3"",""2"",""2"",""4"",""2"",""5"",""2"",""9"",""2"",""html-keyboard-response"",""147"",""132246"",""0.0-147.0"",""2365186""";
"999,""imgJS/WFN_scramble_20.jpg,imgJS/WFN_scramble_21.jpg,imgJS/WFN_scramble_70.jpg,imgJS/WFN_scramble_37.jpg,imgJS/WFN_scramble_53.jpg,imgJS/WFN_73.jpg,imgJS/WFN_scramble_19.jpg,imgJS/WFN_scramble_9.jpg,imgJS/WFN_scramble_33.jpg,imgJS/WFN_26.jpg,imgJS/WFN"",""999"",""999"",""rsvp_img_15"",""3"",""2"",""2"",""4"",""2"",""5"",""2"",""9"",""2"",""rsvp_flux"",""148"",""133301"",""0.0-148.0"",""2365186""";
"366.52500001946,""<div style=""""font-size:24px";"><p> Avez-vous vu au moins un homme? </p><p> <strong> Oui [O] / Non [N] </strong></p> </div>"",""999"",""78"",""rsvpAnswHom"",""3"",""2"",""2"",""4"",""2"",""5"",""2"",""9"",""2"",""html-keyboard-response"",""149"",""133670"",""0.0-149.0"",""2365186"""
"999,""999"",""999"",""999"",""fullscreenExp"",""999"",""999"",""999"",""999"",""999"",""999"",""999"",""999"",""999"",""fullscreen"",""150"",""134709"",""0.0-150.0"",""2365186""";
"999,""fixation_cross"",""999"",""999"",""fixation"",""3"",""3"",""2"",""5"",""2"",""4"",""3"",""6"",""0"",""html-keyboard-response"",""151"",""135213"",""0.0-151.0"",""2365186""";
"999,""imgJS/WMN_scramble_74.jpg,imgJS/WMN_scramble_1.jpg,imgJS/WMN_scramble_90.jpg,imgJS/WMN_scramble_49.jpg,imgJS/WMN_79.jpg,imgJS/WMN_scramble_79.jpg,imgJS/WFF_23.jpg,imgJS/WMN_scramble_10.jpg,imgJS/WMN_scramble_84.jpg,imgJS/WMN_scramble_81.jpg,imgJS/WMN"",""999"",""999"",""rsvp_img_15"",""3"",""3"",""2"",""5"",""2"",""4"",""3"",""6"",""0"",""rsvp_flux"",""152"",""136266"",""0.0-152.0"",""2365186""";
"488.35499997949,""<div style=""""font-size:24px";"><p> Avez-vous vu au moins une femme? </p><p> <strong> Oui [O] / Non [N] </strong></p> </div>"",""999"",""78"",""rsvpAnswFem"",""3"",""3"",""2"",""5"",""2"",""4"",""3"",""6"",""0"",""html-keyboard-response"",""153"",""136757"",""0.0-153.0"",""2365186"""
"999,""999"",""999"",""999"",""fullscreenExp"",""999"",""999"",""999"",""999"",""999"",""999"",""999"",""999"",""999"",""fullscreen"",""154"",""137798"",""0.0-154.0"",""2365186""";
"999,""fixation_cross"",""999"",""999"",""fixation"",""3"",""4"",""2"",""6"",""2"",""8"",""2"",""12"",""1"",""html-keyboard-response"",""155"",""138303"",""0.0-155.0"",""2365186""";
"999,""imgJS/WFN_scramble_86.jpg,imgJS/WFN_scramble_80.jpg,imgJS/WFN_scramble_45.jpg,imgJS/WFN_scramble_66.jpg,imgJS/WFN_scramble_48.jpg,imgJS/WFN_scramble_15.jpg,imgJS/WFN_scramble_27.jpg,imgJS/WFN_scramble_58.jpg,imgJS/WFN_19.jpg,imgJS/WFN_scramble_71.jpg"",""999"",""999"",""rsvp_img_15"",""3"",""4"",""2"",""6"",""2"",""8"",""2"",""12"",""1"",""rsvp_flux"",""156"",""139357"",""0.0-156.0"",""2365186""";
"301.42499995418,""<div style=""""font-size:24px";"><p> Avez-vous vu au moins un homme? </p><p> <strong> Oui [O] / Non [N] </strong></p> </div>"",""999"",""78"",""rsvpAnswHom"",""3"",""4"",""2"",""6"",""2"",""8"",""2"",""12"",""1"",""html-keyboard-response"",""157"",""139661"",""0.0-157.0"",""2365186"""
"999,""999"",""999"",""999"",""fullscreenExp"",""999"",""999"",""999"",""999"",""999"",""999"",""999"",""999"",""999"",""fullscreen"",""158"",""140706"",""0.0-158.0"",""2365186""";
"999,""fixation_cross"",""999"",""999"",""fixation"",""3"",""5"",""2"",""6"",""2"",""5"",""2"",""9"",""1"",""html-keyboard-response"",""159"",""141210"",""0.0-159.0"",""2365186""";
"999,""imgJS/WFN_scramble_41.jpg,imgJS/WFN_scramble_69.jpg,imgJS/WFN_scramble_3.jpg,imgJS/WFN_scramble_75.jpg,imgJS/WFN_scramble_58.jpg,imgJS/WFN_75.jpg,imgJS/WFN_scramble_71.jpg,imgJS/WFN_scramble_2.jpg,imgJS/WFN_scramble_29.jpg,imgJS/WMF_11.jpg,imgJS/WFN_"",""999"",""999"",""rsvp_img_15"",""3"",""5"",""2"",""6"",""2"",""5"",""2"",""9"",""1"",""rsvp_flux"",""160"",""142264"",""0.0-160.0"",""2365186""";
"463.04000000237,""<div style=""""font-size:24px";"><p> Avez-vous vu au moins un homme? </p><p> <strong> Oui [O] / Non [N] </strong></p> </div>"",""999"",""78"",""rsvpAnswHom"",""3"",""5"",""2"",""6"",""2"",""5"",""2"",""9"",""1"",""html-keyboard-response"",""161"",""142729"",""0.0-161.0"",""2365186"""
"999,""999"",""999"",""999"",""fullscreenExp"",""999"",""999"",""999"",""999"",""999"",""999"",""999"",""999"",""999"",""fullscreen"",""162"",""143762"",""0.0-162.0"",""2365186""";
"999,""999"",""999"",""999"",""fullscreenExp"",""999"",""999"",""999"",""999"",""999"",""999"",""999"",""999"",""999"",""fullscreen"",""163"",""143767"",""0.0-163.0"",""2365186""";
"999,""instructions/instructionsDiapo/Slide12.jpg"",""999"",""999"",""instr"",""999"",""999"",""999"",""999"",""999"",""999"",""999"",""999"",""999"",""image-keyboard-response"",""164"",""146924"",""0.0-164.0"",""2365186""";
